--
-- PostgreSQL database dump
--

\restrict 0ulsF2FH02LTEr8FRri7yNeY44iznhTnhnfDCEJhhGBa2hVDRVBESmkdNdUSt6U

-- Dumped from database version 18.1 (Debian 18.1-1.pgdg13+2)
-- Dumped by pg_dump version 18.1 (Debian 18.1-1.pgdg13+2)

SET statement_timeout = 0;
SET lock_timeout = 0;
SET idle_in_transaction_session_timeout = 0;
SET transaction_timeout = 0;
SET client_encoding = 'UTF8';
SET standard_conforming_strings = on;
SELECT pg_catalog.set_config('search_path', '', false);
SET check_function_bodies = false;
SET xmloption = content;
SET client_min_messages = warning;
SET row_security = off;

SET default_tablespace = '';

SET default_table_access_method = heap;

--
-- Name: admins_digitalsignature; Type: TABLE; Schema: public; Owner: zarly_user
--

CREATE TABLE public.admins_digitalsignature (
    id bigint NOT NULL,
    signature_hash character varying(64) NOT NULL,
    pdf_path character varying(100) NOT NULL,
    "timestamp" timestamp with time zone NOT NULL,
    signature_value text NOT NULL,
    order_id bigint NOT NULL
);


ALTER TABLE public.admins_digitalsignature OWNER TO zarly_user;

--
-- Name: admins_digitalsignature_id_seq; Type: SEQUENCE; Schema: public; Owner: zarly_user
--

ALTER TABLE public.admins_digitalsignature ALTER COLUMN id ADD GENERATED BY DEFAULT AS IDENTITY (
    SEQUENCE NAME public.admins_digitalsignature_id_seq
    START WITH 1
    INCREMENT BY 1
    NO MINVALUE
    NO MAXVALUE
    CACHE 1
);


--
-- Name: admins_order; Type: TABLE; Schema: public; Owner: zarly_user
--

CREATE TABLE public.admins_order (
    id bigint NOT NULL,
    total_amount numeric(10,2) CONSTRAINT admins_order_total_price_not_null NOT NULL,
    status character varying(50) NOT NULL,
    otp_code character varying(6),
    created_at timestamp with time zone NOT NULL,
    approved_at timestamp with time zone,
    approved_by_id bigint,
    customer_id bigint NOT NULL,
    payment_proof character varying(100)
);


ALTER TABLE public.admins_order OWNER TO zarly_user;

--
-- Name: admins_order_id_seq; Type: SEQUENCE; Schema: public; Owner: zarly_user
--

ALTER TABLE public.admins_order ALTER COLUMN id ADD GENERATED BY DEFAULT AS IDENTITY (
    SEQUENCE NAME public.admins_order_id_seq
    START WITH 1
    INCREMENT BY 1
    NO MINVALUE
    NO MAXVALUE
    CACHE 1
);


--
-- Name: admins_orderitem; Type: TABLE; Schema: public; Owner: zarly_user
--

CREATE TABLE public.admins_orderitem (
    id bigint NOT NULL,
    quantity integer NOT NULL,
    subtotal numeric(10,2) NOT NULL,
    order_id bigint NOT NULL,
    product_id bigint NOT NULL,
    CONSTRAINT admins_orderitem_quantity_check CHECK ((quantity >= 0))
);


ALTER TABLE public.admins_orderitem OWNER TO zarly_user;

--
-- Name: admins_orderitem_id_seq; Type: SEQUENCE; Schema: public; Owner: zarly_user
--

ALTER TABLE public.admins_orderitem ALTER COLUMN id ADD GENERATED BY DEFAULT AS IDENTITY (
    SEQUENCE NAME public.admins_orderitem_id_seq
    START WITH 1
    INCREMENT BY 1
    NO MINVALUE
    NO MAXVALUE
    CACHE 1
);


--
-- Name: auth_group; Type: TABLE; Schema: public; Owner: zarly_user
--

CREATE TABLE public.auth_group (
    id integer NOT NULL,
    name character varying(150) NOT NULL
);


ALTER TABLE public.auth_group OWNER TO zarly_user;

--
-- Name: auth_group_id_seq; Type: SEQUENCE; Schema: public; Owner: zarly_user
--

ALTER TABLE public.auth_group ALTER COLUMN id ADD GENERATED BY DEFAULT AS IDENTITY (
    SEQUENCE NAME public.auth_group_id_seq
    START WITH 1
    INCREMENT BY 1
    NO MINVALUE
    NO MAXVALUE
    CACHE 1
);


--
-- Name: auth_group_permissions; Type: TABLE; Schema: public; Owner: zarly_user
--

CREATE TABLE public.auth_group_permissions (
    id bigint NOT NULL,
    group_id integer NOT NULL,
    permission_id integer NOT NULL
);


ALTER TABLE public.auth_group_permissions OWNER TO zarly_user;

--
-- Name: auth_group_permissions_id_seq; Type: SEQUENCE; Schema: public; Owner: zarly_user
--

ALTER TABLE public.auth_group_permissions ALTER COLUMN id ADD GENERATED BY DEFAULT AS IDENTITY (
    SEQUENCE NAME public.auth_group_permissions_id_seq
    START WITH 1
    INCREMENT BY 1
    NO MINVALUE
    NO MAXVALUE
    CACHE 1
);


--
-- Name: auth_permission; Type: TABLE; Schema: public; Owner: zarly_user
--

CREATE TABLE public.auth_permission (
    id integer NOT NULL,
    name character varying(255) NOT NULL,
    content_type_id integer NOT NULL,
    codename character varying(100) NOT NULL
);


ALTER TABLE public.auth_permission OWNER TO zarly_user;

--
-- Name: auth_permission_id_seq; Type: SEQUENCE; Schema: public; Owner: zarly_user
--

ALTER TABLE public.auth_permission ALTER COLUMN id ADD GENERATED BY DEFAULT AS IDENTITY (
    SEQUENCE NAME public.auth_permission_id_seq
    START WITH 1
    INCREMENT BY 1
    NO MINVALUE
    NO MAXVALUE
    CACHE 1
);


--
-- Name: customers_product; Type: TABLE; Schema: public; Owner: zarly_user
--

CREATE TABLE public.customers_product (
    id bigint NOT NULL,
    name character varying(200) NOT NULL,
    price numeric(10,2) NOT NULL,
    description text NOT NULL,
    stock integer NOT NULL,
    image character varying(100),
    CONSTRAINT customers_product_stock_check CHECK ((stock >= 0))
);


ALTER TABLE public.customers_product OWNER TO zarly_user;

--
-- Name: customers_product_id_seq; Type: SEQUENCE; Schema: public; Owner: zarly_user
--

ALTER TABLE public.customers_product ALTER COLUMN id ADD GENERATED BY DEFAULT AS IDENTITY (
    SEQUENCE NAME public.customers_product_id_seq
    START WITH 1
    INCREMENT BY 1
    NO MINVALUE
    NO MAXVALUE
    CACHE 1
);


--
-- Name: customers_user; Type: TABLE; Schema: public; Owner: zarly_user
--

CREATE TABLE public.customers_user (
    id bigint NOT NULL,
    password character varying(128) NOT NULL,
    last_login timestamp with time zone,
    is_superuser boolean NOT NULL,
    username character varying(150) NOT NULL,
    first_name character varying(150) NOT NULL,
    last_name character varying(150) NOT NULL,
    email character varying(254) NOT NULL,
    is_staff boolean NOT NULL,
    is_active boolean NOT NULL,
    date_joined timestamp with time zone NOT NULL,
    role character varying(20) NOT NULL,
    phone_number character varying(15) NOT NULL
);


ALTER TABLE public.customers_user OWNER TO zarly_user;

--
-- Name: customers_user_groups; Type: TABLE; Schema: public; Owner: zarly_user
--

CREATE TABLE public.customers_user_groups (
    id bigint NOT NULL,
    user_id bigint NOT NULL,
    group_id integer NOT NULL
);


ALTER TABLE public.customers_user_groups OWNER TO zarly_user;

--
-- Name: customers_user_groups_id_seq; Type: SEQUENCE; Schema: public; Owner: zarly_user
--

ALTER TABLE public.customers_user_groups ALTER COLUMN id ADD GENERATED BY DEFAULT AS IDENTITY (
    SEQUENCE NAME public.customers_user_groups_id_seq
    START WITH 1
    INCREMENT BY 1
    NO MINVALUE
    NO MAXVALUE
    CACHE 1
);


--
-- Name: customers_user_id_seq; Type: SEQUENCE; Schema: public; Owner: zarly_user
--

ALTER TABLE public.customers_user ALTER COLUMN id ADD GENERATED BY DEFAULT AS IDENTITY (
    SEQUENCE NAME public.customers_user_id_seq
    START WITH 1
    INCREMENT BY 1
    NO MINVALUE
    NO MAXVALUE
    CACHE 1
);


--
-- Name: customers_user_user_permissions; Type: TABLE; Schema: public; Owner: zarly_user
--

CREATE TABLE public.customers_user_user_permissions (
    id bigint NOT NULL,
    user_id bigint NOT NULL,
    permission_id integer NOT NULL
);


ALTER TABLE public.customers_user_user_permissions OWNER TO zarly_user;

--
-- Name: customers_user_user_permissions_id_seq; Type: SEQUENCE; Schema: public; Owner: zarly_user
--

ALTER TABLE public.customers_user_user_permissions ALTER COLUMN id ADD GENERATED BY DEFAULT AS IDENTITY (
    SEQUENCE NAME public.customers_user_user_permissions_id_seq
    START WITH 1
    INCREMENT BY 1
    NO MINVALUE
    NO MAXVALUE
    CACHE 1
);


--
-- Name: django_admin_log; Type: TABLE; Schema: public; Owner: zarly_user
--

CREATE TABLE public.django_admin_log (
    id integer NOT NULL,
    action_time timestamp with time zone NOT NULL,
    object_id text,
    object_repr character varying(200) NOT NULL,
    action_flag smallint NOT NULL,
    change_message text NOT NULL,
    content_type_id integer,
    user_id bigint NOT NULL,
    CONSTRAINT django_admin_log_action_flag_check CHECK ((action_flag >= 0))
);


ALTER TABLE public.django_admin_log OWNER TO zarly_user;

--
-- Name: django_admin_log_id_seq; Type: SEQUENCE; Schema: public; Owner: zarly_user
--

ALTER TABLE public.django_admin_log ALTER COLUMN id ADD GENERATED BY DEFAULT AS IDENTITY (
    SEQUENCE NAME public.django_admin_log_id_seq
    START WITH 1
    INCREMENT BY 1
    NO MINVALUE
    NO MAXVALUE
    CACHE 1
);


--
-- Name: django_content_type; Type: TABLE; Schema: public; Owner: zarly_user
--

CREATE TABLE public.django_content_type (
    id integer NOT NULL,
    app_label character varying(100) NOT NULL,
    model character varying(100) NOT NULL
);


ALTER TABLE public.django_content_type OWNER TO zarly_user;

--
-- Name: django_content_type_id_seq; Type: SEQUENCE; Schema: public; Owner: zarly_user
--

ALTER TABLE public.django_content_type ALTER COLUMN id ADD GENERATED BY DEFAULT AS IDENTITY (
    SEQUENCE NAME public.django_content_type_id_seq
    START WITH 1
    INCREMENT BY 1
    NO MINVALUE
    NO MAXVALUE
    CACHE 1
);


--
-- Name: django_migrations; Type: TABLE; Schema: public; Owner: zarly_user
--

CREATE TABLE public.django_migrations (
    id bigint NOT NULL,
    app character varying(255) NOT NULL,
    name character varying(255) NOT NULL,
    applied timestamp with time zone NOT NULL
);


ALTER TABLE public.django_migrations OWNER TO zarly_user;

--
-- Name: django_migrations_id_seq; Type: SEQUENCE; Schema: public; Owner: zarly_user
--

ALTER TABLE public.django_migrations ALTER COLUMN id ADD GENERATED BY DEFAULT AS IDENTITY (
    SEQUENCE NAME public.django_migrations_id_seq
    START WITH 1
    INCREMENT BY 1
    NO MINVALUE
    NO MAXVALUE
    CACHE 1
);


--
-- Name: django_session; Type: TABLE; Schema: public; Owner: zarly_user
--

CREATE TABLE public.django_session (
    session_key character varying(40) NOT NULL,
    session_data text NOT NULL,
    expire_date timestamp with time zone NOT NULL
);


ALTER TABLE public.django_session OWNER TO zarly_user;

--
-- Data for Name: admins_digitalsignature; Type: TABLE DATA; Schema: public; Owner: zarly_user
--

COPY public.admins_digitalsignature (id, signature_hash, pdf_path, "timestamp", signature_value, order_id) FROM stdin;
1	71d13a914ac12c0aa8e536fcaffb4d338ca101559e1e9b8d15146a11aac97148	signed_pdfs\\signed_order_6.pdf	2026-01-10 21:51:09.188361+00		6
2	524c500d0c6fea8bc4fb970995a4064cbd89691ae1bb5e2b2a3eb73b2f885e63	signed_pdfs\\signed_order_8.pdf	2026-01-11 09:28:48.342221+00		8
3	01c6a502b258bb5c5a6d046c0e2819b28b6c92e73b4f63d4f086e11a7dc14b17	signed_pdfs\\signed_order_3.pdf	2026-01-11 18:00:28.958529+00		3
4	8c6f6c094e6f4c74230b327b35eef9fc027c19213527064113f3572f6e0b220d	signed_pdfs\\signed_order_13.pdf	2026-01-12 07:06:06.936655+00		13
5	e73c4ddafa6aa50a03b811151c765a6416c956fec89ba0b7840d79232e81ad1d	signed_pdfs\\signed_order_14.pdf	2026-01-12 07:37:09.637626+00		14
\.


--
-- Data for Name: admins_order; Type: TABLE DATA; Schema: public; Owner: zarly_user
--

COPY public.admins_order (id, total_amount, status, otp_code, created_at, approved_at, approved_by_id, customer_id, payment_proof) FROM stdin;
2	3.50	rejected	\N	2026-01-10 18:04:28.663099+00	\N	\N	2	
1	46.00	pending_payment	\N	2026-01-10 18:03:35.323609+00	\N	\N	2	
4	3.50	rejected	\N	2026-01-10 20:15:49.659135+00	\N	\N	2	payment_proofs/muiz_soc_events_mIofG1n.pdf
5	20.00	pending_payment	\N	2026-01-10 21:23:17.849543+00	\N	\N	2	
6	15.00	approved	\N	2026-01-10 21:24:00.64461+00	2026-01-10 21:51:09.229945+00	2	2	payment_proofs/683004.jpg
8	3.50	approved	\N	2026-01-11 09:27:38.78408+00	2026-01-11 09:28:48.350958+00	2	2	payment_proofs/photo_2024-05-13_01-20-54.jpg
7	28.50	pending_payment	\N	2026-01-11 09:27:01.554661+00	\N	\N	2	
9	7.00	pending	\N	2026-01-11 10:39:33.726261+00	\N	\N	3	
10	10.00	pending	\N	2026-01-11 17:52:37.778821+00	\N	\N	3	payment_proofs/photo_2024-05-13_01-20-54_y8VNGKW.jpg
3	22.00	approved	\N	2026-01-10 20:11:34.622082+00	2026-01-11 18:00:28.989112+00	2	2	payment_proofs/muiz_soc_events.pdf
12	3.50	pending	\N	2026-01-11 18:28:17.632598+00	\N	\N	2	
11	3.50	pending_payment	\N	2026-01-11 18:21:11.557061+00	\N	\N	3	
13	15.00	approved	\N	2026-01-12 07:05:49.556323+00	2026-01-12 07:06:06.95082+00	2	3	payment_proofs/photo_2024-05-13_01-20-54_WWpH2YD.jpg
14	10.00	approved	\N	2026-01-12 07:36:32.267621+00	2026-01-12 07:37:09.653799+00	2	3	payment_proofs/683004_VywtGYM.jpg
15	3.50	pending_payment	\N	2026-01-12 07:37:57.340098+00	\N	\N	3	
16	15.00	pending	\N	2026-01-12 08:23:25.180889+00	\N	\N	3	
49	10.00	pending	\N	2026-01-15 04:25:06.172647+00	\N	\N	3	
50	10.00	pending_payment	\N	2026-01-15 04:25:32.771669+00	\N	\N	3	
\.


--
-- Data for Name: admins_orderitem; Type: TABLE DATA; Schema: public; Owner: zarly_user
--

COPY public.admins_orderitem (id, quantity, subtotal, order_id, product_id) FROM stdin;
1	6	21.00	1	2
2	1	15.00	1	3
3	1	10.00	1	1
4	1	3.50	2	2
5	2	7.00	3	2
6	1	15.00	3	3
7	1	3.50	4	2
8	2	20.00	5	1
9	1	15.00	6	3
10	1	3.50	7	2
11	1	10.00	7	1
12	1	15.00	7	3
13	1	3.50	8	2
14	2	7.00	9	2
15	1	10.00	10	1
16	1	3.50	11	2
17	1	3.50	12	2
18	1	15.00	13	3
19	1	10.00	14	1
20	1	3.50	15	2
21	1	15.00	16	3
54	1	10.00	49	1
55	1	10.00	50	1
\.


--
-- Data for Name: auth_group; Type: TABLE DATA; Schema: public; Owner: zarly_user
--

COPY public.auth_group (id, name) FROM stdin;
1	customer
\.


--
-- Data for Name: auth_group_permissions; Type: TABLE DATA; Schema: public; Owner: zarly_user
--

COPY public.auth_group_permissions (id, group_id, permission_id) FROM stdin;
\.


--
-- Data for Name: auth_permission; Type: TABLE DATA; Schema: public; Owner: zarly_user
--

COPY public.auth_permission (id, name, content_type_id, codename) FROM stdin;
1	Can add log entry	1	add_logentry
2	Can change log entry	1	change_logentry
3	Can delete log entry	1	delete_logentry
4	Can view log entry	1	view_logentry
5	Can add permission	3	add_permission
6	Can change permission	3	change_permission
7	Can delete permission	3	delete_permission
8	Can view permission	3	view_permission
9	Can add group	2	add_group
10	Can change group	2	change_group
11	Can delete group	2	delete_group
12	Can view group	2	view_group
13	Can add content type	4	add_contenttype
14	Can change content type	4	change_contenttype
15	Can delete content type	4	delete_contenttype
16	Can view content type	4	view_contenttype
17	Can add session	5	add_session
18	Can change session	5	change_session
19	Can delete session	5	delete_session
20	Can view session	5	view_session
21	Can add product	6	add_product
22	Can change product	6	change_product
23	Can delete product	6	delete_product
24	Can view product	6	view_product
25	Can add user	7	add_user
26	Can change user	7	change_user
27	Can delete user	7	delete_user
28	Can view user	7	view_user
29	Can add order	8	add_order
30	Can change order	8	change_order
31	Can delete order	8	delete_order
32	Can view order	8	view_order
33	Can add order item	9	add_orderitem
34	Can change order item	9	change_orderitem
35	Can delete order item	9	delete_orderitem
36	Can view order item	9	view_orderitem
37	Can add signed document	10	add_signeddocument
38	Can change signed document	10	change_signeddocument
39	Can delete signed document	10	delete_signeddocument
40	Can view signed document	10	view_signeddocument
41	Can add digital signature	11	add_digitalsignature
42	Can change digital signature	11	change_digitalsignature
43	Can delete digital signature	11	delete_digitalsignature
44	Can view digital signature	11	view_digitalsignature
\.


--
-- Data for Name: customers_product; Type: TABLE DATA; Schema: public; Owner: zarly_user
--

COPY public.customers_product (id, name, price, description, stock, image) FROM stdin;
2	Keropok Ikan Kelantan	3.50		33	product_images/promo2.jpg
3	Kek Marble	15.00		4	product_images/promo1.jpg
1	Asam Botol Thai	10.00		92	product_images/promo1_WE8IKO2.jpg
\.


--
-- Data for Name: customers_user; Type: TABLE DATA; Schema: public; Owner: zarly_user
--

COPY public.customers_user (id, password, last_login, is_superuser, username, first_name, last_name, email, is_staff, is_active, date_joined, role, phone_number) FROM stdin;
8	pbkdf2_sha256$1200000$KWEwcybdfEKPTAiadSNQtC$RBBB6IMDnbkW1S4gB/hBja2boeZQLgGC+b5gxL6j9iE=	2026-04-08 16:13:58.853745+00	t	1			1@gmai.com	t	t	2026-04-08 16:13:33.830112+00	customer	
4	pbkdf2_sha256$1200000$K1DKbVY1chog4P8wiHliW7$eSQUFMuyLMkF0BMt9MI5jojnKjUeEDryMNI9d+Xp9Mg=	\N	f	name	satu	dua	m22@mail.com	f	t	2026-01-11 10:11:28+00	customer	01111
1	pbkdf2_sha256$1200000$kuYFgCdHv5yuUadgMChIsv$eyIkMdyVHJxbEjyJfwTReuFm1rR7lgoYee5BUnXCFkk=	2026-01-12 06:40:43.650927+00	t	zarly_user			rusdirashid1401@gmail.com	t	t	2026-01-08 21:14:29.234626+00	customer	
7	pbkdf2_sha256$1200000$Wrl1K2BENhR6f5n6ANpHon$t3757ng4w2otc6+TFhSt8DQyAaJawuGyyGbAFo5F2Ps=	2026-01-12 06:49:25.576207+00	f	atan			atan@mail.com	f	t	2026-01-12 06:48:57.392302+00	customer	01290129210
3	pbkdf2_sha256$1200000$wc4kRWL918Hoy3q7v0L0Au$0Ymw89/2AO6SinMl4grWu1IjqB2J7ScJVrg9KlfVDUo=	2026-01-15 04:24:09.742609+00	f	cust	maznah	hamid	m@mail.com	f	t	2026-01-11 09:23:25+00	customer	01111
2	pbkdf2_sha256$1200000$MOFdOYMMYeKpuboBEiqUsx$1Y1Ua4PtcccGVuaKyXG39veCIZoUNeA5fBcbtqG8AeE=	2026-01-15 04:30:07.693201+00	t	udi				t	t	2026-01-09 20:20:54+00	sales_admin	
\.


--
-- Data for Name: customers_user_groups; Type: TABLE DATA; Schema: public; Owner: zarly_user
--

COPY public.customers_user_groups (id, user_id, group_id) FROM stdin;
1	3	1
\.


--
-- Data for Name: customers_user_user_permissions; Type: TABLE DATA; Schema: public; Owner: zarly_user
--

COPY public.customers_user_user_permissions (id, user_id, permission_id) FROM stdin;
1	3	4
\.


--
-- Data for Name: django_admin_log; Type: TABLE DATA; Schema: public; Owner: zarly_user
--

COPY public.django_admin_log (id, action_time, object_id, object_repr, action_flag, change_message, content_type_id, user_id) FROM stdin;
1	2026-01-09 20:22:03.558831+00	2	udi	2	[{"changed": {"fields": ["Role"]}}]	7	1
2	2026-01-10 17:22:47.626608+00	1	Asam Botol Thai	1	[{"added": {}}]	6	2
3	2026-01-10 17:23:06.919785+00	2	Keropok Ikan Kelantan	1	[{"added": {}}]	6	2
4	2026-01-10 17:23:26.554137+00	3	Kek Marble	1	[{"added": {}}]	6	2
5	2026-01-10 20:01:53.262187+00	3	Kek Marble	2	[{"changed": {"fields": ["Image"]}}]	6	2
6	2026-01-10 20:02:03.410318+00	2	Keropok Ikan Kelantan	2	[]	6	2
7	2026-01-10 20:02:41.396846+00	2	Keropok Ikan Kelantan	2	[{"changed": {"fields": ["Image"]}}]	6	2
8	2026-01-10 20:02:47.865083+00	1	Asam Botol Thai	2	[{"changed": {"fields": ["Image"]}}]	6	2
9	2026-01-11 09:23:03.919907+00	1	customer	1	[{"added": {}}]	2	2
10	2026-01-11 09:24:48.082663+00	3	cust	1	[{"added": {}}]	7	2
11	2026-01-11 10:12:26.977742+00	4	name	1	[{"added": {}}]	7	2
12	2026-01-11 10:26:34.398248+00	4	name	2	[{"changed": {"fields": ["password"]}}]	7	2
13	2026-01-11 10:27:11.319988+00	3	cust	2	[{"changed": {"fields": ["password"]}}]	7	2
14	2026-01-12 06:45:45.436755+00	3	cust	2	[{"changed": {"fields": ["password"]}}]	7	2
15	2026-01-12 06:48:59.577472+00	7	atan	1	[{"added": {}}]	7	2
\.


--
-- Data for Name: django_content_type; Type: TABLE DATA; Schema: public; Owner: zarly_user
--

COPY public.django_content_type (id, app_label, model) FROM stdin;
1	admin	logentry
2	auth	group
3	auth	permission
4	contenttypes	contenttype
5	sessions	session
6	customers	product
7	customers	user
8	admins	order
9	admins	orderitem
10	admins	signeddocument
11	admins	digitalsignature
\.


--
-- Data for Name: django_migrations; Type: TABLE DATA; Schema: public; Owner: zarly_user
--

COPY public.django_migrations (id, app, name, applied) FROM stdin;
1	contenttypes	0001_initial	2026-01-08 21:13:20.864482+00
2	contenttypes	0002_remove_content_type_name	2026-01-08 21:13:20.876184+00
3	auth	0001_initial	2026-01-08 21:13:20.90893+00
4	auth	0002_alter_permission_name_max_length	2026-01-08 21:13:20.914354+00
5	auth	0003_alter_user_email_max_length	2026-01-08 21:13:20.918257+00
6	auth	0004_alter_user_username_opts	2026-01-08 21:13:20.92236+00
7	auth	0005_alter_user_last_login_null	2026-01-08 21:13:20.927337+00
8	auth	0006_require_contenttypes_0002	2026-01-08 21:13:20.929436+00
9	auth	0007_alter_validators_add_error_messages	2026-01-08 21:13:20.933163+00
10	auth	0008_alter_user_username_max_length	2026-01-08 21:13:20.937265+00
11	auth	0009_alter_user_last_name_max_length	2026-01-08 21:13:20.943577+00
12	auth	0010_alter_group_name_max_length	2026-01-08 21:13:20.949635+00
13	auth	0011_update_proxy_permissions	2026-01-08 21:13:20.953552+00
14	auth	0012_alter_user_first_name_max_length	2026-01-08 21:13:20.959492+00
15	customers	0001_initial	2026-01-08 21:13:20.989474+00
16	admin	0001_initial	2026-01-08 21:13:21.005107+00
17	admin	0002_logentry_remove_auto_add	2026-01-08 21:13:21.01169+00
18	admin	0003_logentry_add_action_flag_choices	2026-01-08 21:13:21.019666+00
19	admins	0001_initial	2026-01-08 21:13:21.033773+00
20	admins	0002_initial	2026-01-08 21:13:21.078229+00
21	sessions	0001_initial	2026-01-08 21:13:21.086502+00
22	admins	0003_rename_total_price_order_total_amount_and_more	2026-01-10 19:55:37.921794+00
23	customers	0002_product_image_alter_user_email_alter_user_groups_and_more	2026-01-10 19:55:37.96615+00
\.


--
-- Data for Name: django_session; Type: TABLE DATA; Schema: public; Owner: zarly_user
--

COPY public.django_session (session_key, session_data, expire_date) FROM stdin;
yhssr6kl59bkif8tkntq3kkr3mq7bdu4	.eJxVjEEOwiAQRe_C2hBgRju4dO8ZyMCAVA1NSrsy3l2bdKHb_977LxV4XWpYe57DKOqsnDr8bpHTI7cNyJ3bbdJpass8Rr0peqddXyfJz8vu_h1U7vVbJwQAXwy6I5WBBu9iIjAncIBRClouHsk4IJKUjZBBFI5inbVCvqj3B7fUNxY:1veJ2V:ZCrYOjzRaQbQxmSFGcgXL2dbk4gMzr3YrHRmPFDrPjY	2026-01-23 20:24:55.833121+00
exk6hx3j5g0zhga7nfyr2dn1yutdnicd	.eJxVjMsOgyAQRf-FdUMYEBlddt9vIMOr2jaQCK6M_15NXLTbe849G7O0tsmuNS52Dmxkit1-N0f-HfMJwovys3Bfcltmx0-FX7TyRwnxc7_cv8BEdTreInaScPBaO1RGK-yRkpCIWnbQgw6mjw6NwKQAnBKgwHiPcHgpDVIcUU9LY-O271_XPjl_:1vgEvM:7JhS5dPsH4T5snSJ_cDfPGJWiwnkkwZOrfQGi9Xzh_Q	2026-01-29 04:25:32.793006+00
zik5naywf4k6ufmby3gvd67p93x8cn6f	.eJxVjMsOwiAUBf-FtSFwC0Vcuu83kPsAqZo2Ke3K-O_apAvdnpk5L5VwW2vaWl7SKOqiQJ1-N0J-5GkHcsfpNmuep3UZSe-KPmjTwyz5eT3cv4OKrX5rdgTg0bpigyGgTryPQeSMMWQXOizM3HMxhsQHLg7FAkEvEEEiO_X-APKwOIQ:1vgEzn:EQ0d-icjbczjs5fS0uRhY1P-SJpOFDmwJGvDr0kUqCU	2026-01-29 04:30:07.700874+00
1prlp0joy9iiit9hh37poovo7gxj3ppa	.eJxVjDsOgzAQRO-ydWT5tzhQpucMaL1eB5IIJAwV4u4BiSLRdDNv3gYdrUvfrUXmbkjQwB1uv10kfst4DulF43NSPI3LPER1Iupai2qnJJ_Hxf4Jeir98XYoWJPmnChJ0F4C2oASOFsWZifOsmFtsq9R10c45IyEUZyvTOUPKdO8QLOBgcbs-xdtCDxh:1wAVXY:J72z2DtPgUWSASHcfcWoRkgdFxzFJjPoUCA3LltY9Bc	2026-04-22 16:14:04.880089+00
5ndn3qvwn10i30o6nu1g4ykznzlmsi6y	.eJxVjDsOgzAQRO_iOrIIxh8o0-cM1rK7jkkiWzKmQtw9sUSRlDPz5u3Cw1aj31YufiExCSUuv90M-OLUBnpCemSJOdWyzLIh8lxXec_E79vJ_gkirLG9ZwBDfeABLKNTyARMQWlrnKZgXNBd3-GonDKut4MZAtjxm1HTNXCTIpQqpv04PmWuPC0:1vesr7:a2SMYjDUsmx2UXq8pKCS5BCjGLVTY-rei-JMSw6bHGk	2026-01-25 10:39:33.779413+00
utzcgx34y90ecobt1xdrl4hec4j7m9xg	.eJxVjMsOwiAUBf-FtSFwC0Vcuu83kPsAqZo2Ke3K-O_apAvdnpk5L5VwW2vaWl7SKOqiQJ1-N0J-5GkHcsfpNmuep3UZSe-KPmjTwyz5eT3cv4OKrX5rdgTg0bpigyGgTryPQeSMMWQXOizM3HMxhsQHLg7FAkEvEEEiO_X-APKwOIQ:1vesvq:M5BW-9Z8BXmWU-JRql0w0Y1cKGbH27Cs4vbudbKTfa4	2026-01-25 10:44:26.637962+00
\.


--
-- Name: admins_digitalsignature_id_seq; Type: SEQUENCE SET; Schema: public; Owner: zarly_user
--

SELECT pg_catalog.setval('public.admins_digitalsignature_id_seq', 5, true);


--
-- Name: admins_order_id_seq; Type: SEQUENCE SET; Schema: public; Owner: zarly_user
--

SELECT pg_catalog.setval('public.admins_order_id_seq', 50, true);


--
-- Name: admins_orderitem_id_seq; Type: SEQUENCE SET; Schema: public; Owner: zarly_user
--

SELECT pg_catalog.setval('public.admins_orderitem_id_seq', 55, true);


--
-- Name: auth_group_id_seq; Type: SEQUENCE SET; Schema: public; Owner: zarly_user
--

SELECT pg_catalog.setval('public.auth_group_id_seq', 1, true);


--
-- Name: auth_group_permissions_id_seq; Type: SEQUENCE SET; Schema: public; Owner: zarly_user
--

SELECT pg_catalog.setval('public.auth_group_permissions_id_seq', 1, false);


--
-- Name: auth_permission_id_seq; Type: SEQUENCE SET; Schema: public; Owner: zarly_user
--

SELECT pg_catalog.setval('public.auth_permission_id_seq', 44, true);


--
-- Name: customers_product_id_seq; Type: SEQUENCE SET; Schema: public; Owner: zarly_user
--

SELECT pg_catalog.setval('public.customers_product_id_seq', 3, true);


--
-- Name: customers_user_groups_id_seq; Type: SEQUENCE SET; Schema: public; Owner: zarly_user
--

SELECT pg_catalog.setval('public.customers_user_groups_id_seq', 1, true);


--
-- Name: customers_user_id_seq; Type: SEQUENCE SET; Schema: public; Owner: zarly_user
--

SELECT pg_catalog.setval('public.customers_user_id_seq', 8, true);


--
-- Name: customers_user_user_permissions_id_seq; Type: SEQUENCE SET; Schema: public; Owner: zarly_user
--

SELECT pg_catalog.setval('public.customers_user_user_permissions_id_seq', 1, true);


--
-- Name: django_admin_log_id_seq; Type: SEQUENCE SET; Schema: public; Owner: zarly_user
--

SELECT pg_catalog.setval('public.django_admin_log_id_seq', 15, true);


--
-- Name: django_content_type_id_seq; Type: SEQUENCE SET; Schema: public; Owner: zarly_user
--

SELECT pg_catalog.setval('public.django_content_type_id_seq', 11, true);


--
-- Name: django_migrations_id_seq; Type: SEQUENCE SET; Schema: public; Owner: zarly_user
--

SELECT pg_catalog.setval('public.django_migrations_id_seq', 23, true);


--
-- Name: admins_digitalsignature admins_digitalsignature_order_id_key; Type: CONSTRAINT; Schema: public; Owner: zarly_user
--

ALTER TABLE ONLY public.admins_digitalsignature
    ADD CONSTRAINT admins_digitalsignature_order_id_key UNIQUE (order_id);


--
-- Name: admins_digitalsignature admins_digitalsignature_pkey; Type: CONSTRAINT; Schema: public; Owner: zarly_user
--

ALTER TABLE ONLY public.admins_digitalsignature
    ADD CONSTRAINT admins_digitalsignature_pkey PRIMARY KEY (id);


--
-- Name: admins_order admins_order_pkey; Type: CONSTRAINT; Schema: public; Owner: zarly_user
--

ALTER TABLE ONLY public.admins_order
    ADD CONSTRAINT admins_order_pkey PRIMARY KEY (id);


--
-- Name: admins_orderitem admins_orderitem_pkey; Type: CONSTRAINT; Schema: public; Owner: zarly_user
--

ALTER TABLE ONLY public.admins_orderitem
    ADD CONSTRAINT admins_orderitem_pkey PRIMARY KEY (id);


--
-- Name: auth_group auth_group_name_key; Type: CONSTRAINT; Schema: public; Owner: zarly_user
--

ALTER TABLE ONLY public.auth_group
    ADD CONSTRAINT auth_group_name_key UNIQUE (name);


--
-- Name: auth_group_permissions auth_group_permissions_group_id_permission_id_0cd325b0_uniq; Type: CONSTRAINT; Schema: public; Owner: zarly_user
--

ALTER TABLE ONLY public.auth_group_permissions
    ADD CONSTRAINT auth_group_permissions_group_id_permission_id_0cd325b0_uniq UNIQUE (group_id, permission_id);


--
-- Name: auth_group_permissions auth_group_permissions_pkey; Type: CONSTRAINT; Schema: public; Owner: zarly_user
--

ALTER TABLE ONLY public.auth_group_permissions
    ADD CONSTRAINT auth_group_permissions_pkey PRIMARY KEY (id);


--
-- Name: auth_group auth_group_pkey; Type: CONSTRAINT; Schema: public; Owner: zarly_user
--

ALTER TABLE ONLY public.auth_group
    ADD CONSTRAINT auth_group_pkey PRIMARY KEY (id);


--
-- Name: auth_permission auth_permission_content_type_id_codename_01ab375a_uniq; Type: CONSTRAINT; Schema: public; Owner: zarly_user
--

ALTER TABLE ONLY public.auth_permission
    ADD CONSTRAINT auth_permission_content_type_id_codename_01ab375a_uniq UNIQUE (content_type_id, codename);


--
-- Name: auth_permission auth_permission_pkey; Type: CONSTRAINT; Schema: public; Owner: zarly_user
--

ALTER TABLE ONLY public.auth_permission
    ADD CONSTRAINT auth_permission_pkey PRIMARY KEY (id);


--
-- Name: customers_product customers_product_pkey; Type: CONSTRAINT; Schema: public; Owner: zarly_user
--

ALTER TABLE ONLY public.customers_product
    ADD CONSTRAINT customers_product_pkey PRIMARY KEY (id);


--
-- Name: customers_user customers_user_email_b33f680d_uniq; Type: CONSTRAINT; Schema: public; Owner: zarly_user
--

ALTER TABLE ONLY public.customers_user
    ADD CONSTRAINT customers_user_email_b33f680d_uniq UNIQUE (email);


--
-- Name: customers_user_groups customers_user_groups_pkey; Type: CONSTRAINT; Schema: public; Owner: zarly_user
--

ALTER TABLE ONLY public.customers_user_groups
    ADD CONSTRAINT customers_user_groups_pkey PRIMARY KEY (id);


--
-- Name: customers_user_groups customers_user_groups_user_id_group_id_c6dc71d5_uniq; Type: CONSTRAINT; Schema: public; Owner: zarly_user
--

ALTER TABLE ONLY public.customers_user_groups
    ADD CONSTRAINT customers_user_groups_user_id_group_id_c6dc71d5_uniq UNIQUE (user_id, group_id);


--
-- Name: customers_user customers_user_pkey; Type: CONSTRAINT; Schema: public; Owner: zarly_user
--

ALTER TABLE ONLY public.customers_user
    ADD CONSTRAINT customers_user_pkey PRIMARY KEY (id);


--
-- Name: customers_user_user_permissions customers_user_user_perm_user_id_permission_id_7405b3bb_uniq; Type: CONSTRAINT; Schema: public; Owner: zarly_user
--

ALTER TABLE ONLY public.customers_user_user_permissions
    ADD CONSTRAINT customers_user_user_perm_user_id_permission_id_7405b3bb_uniq UNIQUE (user_id, permission_id);


--
-- Name: customers_user_user_permissions customers_user_user_permissions_pkey; Type: CONSTRAINT; Schema: public; Owner: zarly_user
--

ALTER TABLE ONLY public.customers_user_user_permissions
    ADD CONSTRAINT customers_user_user_permissions_pkey PRIMARY KEY (id);


--
-- Name: customers_user customers_user_username_key; Type: CONSTRAINT; Schema: public; Owner: zarly_user
--

ALTER TABLE ONLY public.customers_user
    ADD CONSTRAINT customers_user_username_key UNIQUE (username);


--
-- Name: django_admin_log django_admin_log_pkey; Type: CONSTRAINT; Schema: public; Owner: zarly_user
--

ALTER TABLE ONLY public.django_admin_log
    ADD CONSTRAINT django_admin_log_pkey PRIMARY KEY (id);


--
-- Name: django_content_type django_content_type_app_label_model_76bd3d3b_uniq; Type: CONSTRAINT; Schema: public; Owner: zarly_user
--

ALTER TABLE ONLY public.django_content_type
    ADD CONSTRAINT django_content_type_app_label_model_76bd3d3b_uniq UNIQUE (app_label, model);


--
-- Name: django_content_type django_content_type_pkey; Type: CONSTRAINT; Schema: public; Owner: zarly_user
--

ALTER TABLE ONLY public.django_content_type
    ADD CONSTRAINT django_content_type_pkey PRIMARY KEY (id);


--
-- Name: django_migrations django_migrations_pkey; Type: CONSTRAINT; Schema: public; Owner: zarly_user
--

ALTER TABLE ONLY public.django_migrations
    ADD CONSTRAINT django_migrations_pkey PRIMARY KEY (id);


--
-- Name: django_session django_session_pkey; Type: CONSTRAINT; Schema: public; Owner: zarly_user
--

ALTER TABLE ONLY public.django_session
    ADD CONSTRAINT django_session_pkey PRIMARY KEY (session_key);


--
-- Name: admins_order_approved_by_id_b4730b38; Type: INDEX; Schema: public; Owner: zarly_user
--

CREATE INDEX admins_order_approved_by_id_b4730b38 ON public.admins_order USING btree (approved_by_id);


--
-- Name: admins_order_customer_id_8da218d2; Type: INDEX; Schema: public; Owner: zarly_user
--

CREATE INDEX admins_order_customer_id_8da218d2 ON public.admins_order USING btree (customer_id);


--
-- Name: admins_orderitem_order_id_f10fb8fb; Type: INDEX; Schema: public; Owner: zarly_user
--

CREATE INDEX admins_orderitem_order_id_f10fb8fb ON public.admins_orderitem USING btree (order_id);


--
-- Name: admins_orderitem_product_id_5084c489; Type: INDEX; Schema: public; Owner: zarly_user
--

CREATE INDEX admins_orderitem_product_id_5084c489 ON public.admins_orderitem USING btree (product_id);


--
-- Name: auth_group_name_a6ea08ec_like; Type: INDEX; Schema: public; Owner: zarly_user
--

CREATE INDEX auth_group_name_a6ea08ec_like ON public.auth_group USING btree (name varchar_pattern_ops);


--
-- Name: auth_group_permissions_group_id_b120cbf9; Type: INDEX; Schema: public; Owner: zarly_user
--

CREATE INDEX auth_group_permissions_group_id_b120cbf9 ON public.auth_group_permissions USING btree (group_id);


--
-- Name: auth_group_permissions_permission_id_84c5c92e; Type: INDEX; Schema: public; Owner: zarly_user
--

CREATE INDEX auth_group_permissions_permission_id_84c5c92e ON public.auth_group_permissions USING btree (permission_id);


--
-- Name: auth_permission_content_type_id_2f476e4b; Type: INDEX; Schema: public; Owner: zarly_user
--

CREATE INDEX auth_permission_content_type_id_2f476e4b ON public.auth_permission USING btree (content_type_id);


--
-- Name: customers_user_email_b33f680d_like; Type: INDEX; Schema: public; Owner: zarly_user
--

CREATE INDEX customers_user_email_b33f680d_like ON public.customers_user USING btree (email varchar_pattern_ops);


--
-- Name: customers_user_groups_group_id_f2d1006b; Type: INDEX; Schema: public; Owner: zarly_user
--

CREATE INDEX customers_user_groups_group_id_f2d1006b ON public.customers_user_groups USING btree (group_id);


--
-- Name: customers_user_groups_user_id_5d6dd108; Type: INDEX; Schema: public; Owner: zarly_user
--

CREATE INDEX customers_user_groups_user_id_5d6dd108 ON public.customers_user_groups USING btree (user_id);


--
-- Name: customers_user_user_permissions_permission_id_2da795e4; Type: INDEX; Schema: public; Owner: zarly_user
--

CREATE INDEX customers_user_user_permissions_permission_id_2da795e4 ON public.customers_user_user_permissions USING btree (permission_id);


--
-- Name: customers_user_user_permissions_user_id_f91e86da; Type: INDEX; Schema: public; Owner: zarly_user
--

CREATE INDEX customers_user_user_permissions_user_id_f91e86da ON public.customers_user_user_permissions USING btree (user_id);


--
-- Name: customers_user_username_43e992e8_like; Type: INDEX; Schema: public; Owner: zarly_user
--

CREATE INDEX customers_user_username_43e992e8_like ON public.customers_user USING btree (username varchar_pattern_ops);


--
-- Name: django_admin_log_content_type_id_c4bce8eb; Type: INDEX; Schema: public; Owner: zarly_user
--

CREATE INDEX django_admin_log_content_type_id_c4bce8eb ON public.django_admin_log USING btree (content_type_id);


--
-- Name: django_admin_log_user_id_c564eba6; Type: INDEX; Schema: public; Owner: zarly_user
--

CREATE INDEX django_admin_log_user_id_c564eba6 ON public.django_admin_log USING btree (user_id);


--
-- Name: django_session_expire_date_a5c62663; Type: INDEX; Schema: public; Owner: zarly_user
--

CREATE INDEX django_session_expire_date_a5c62663 ON public.django_session USING btree (expire_date);


--
-- Name: django_session_session_key_c0390e0f_like; Type: INDEX; Schema: public; Owner: zarly_user
--

CREATE INDEX django_session_session_key_c0390e0f_like ON public.django_session USING btree (session_key varchar_pattern_ops);


--
-- Name: admins_digitalsignature admins_digitalsignature_order_id_afca14e2_fk_admins_order_id; Type: FK CONSTRAINT; Schema: public; Owner: zarly_user
--

ALTER TABLE ONLY public.admins_digitalsignature
    ADD CONSTRAINT admins_digitalsignature_order_id_afca14e2_fk_admins_order_id FOREIGN KEY (order_id) REFERENCES public.admins_order(id) DEFERRABLE INITIALLY DEFERRED;


--
-- Name: admins_order admins_order_approved_by_id_b4730b38_fk_customers_user_id; Type: FK CONSTRAINT; Schema: public; Owner: zarly_user
--

ALTER TABLE ONLY public.admins_order
    ADD CONSTRAINT admins_order_approved_by_id_b4730b38_fk_customers_user_id FOREIGN KEY (approved_by_id) REFERENCES public.customers_user(id) DEFERRABLE INITIALLY DEFERRED;


--
-- Name: admins_order admins_order_customer_id_8da218d2_fk_customers_user_id; Type: FK CONSTRAINT; Schema: public; Owner: zarly_user
--

ALTER TABLE ONLY public.admins_order
    ADD CONSTRAINT admins_order_customer_id_8da218d2_fk_customers_user_id FOREIGN KEY (customer_id) REFERENCES public.customers_user(id) DEFERRABLE INITIALLY DEFERRED;


--
-- Name: admins_orderitem admins_orderitem_order_id_f10fb8fb_fk_admins_order_id; Type: FK CONSTRAINT; Schema: public; Owner: zarly_user
--

ALTER TABLE ONLY public.admins_orderitem
    ADD CONSTRAINT admins_orderitem_order_id_f10fb8fb_fk_admins_order_id FOREIGN KEY (order_id) REFERENCES public.admins_order(id) DEFERRABLE INITIALLY DEFERRED;


--
-- Name: admins_orderitem admins_orderitem_product_id_5084c489_fk_customers_product_id; Type: FK CONSTRAINT; Schema: public; Owner: zarly_user
--

ALTER TABLE ONLY public.admins_orderitem
    ADD CONSTRAINT admins_orderitem_product_id_5084c489_fk_customers_product_id FOREIGN KEY (product_id) REFERENCES public.customers_product(id) DEFERRABLE INITIALLY DEFERRED;


--
-- Name: auth_group_permissions auth_group_permissio_permission_id_84c5c92e_fk_auth_perm; Type: FK CONSTRAINT; Schema: public; Owner: zarly_user
--

ALTER TABLE ONLY public.auth_group_permissions
    ADD CONSTRAINT auth_group_permissio_permission_id_84c5c92e_fk_auth_perm FOREIGN KEY (permission_id) REFERENCES public.auth_permission(id) DEFERRABLE INITIALLY DEFERRED;


--
-- Name: auth_group_permissions auth_group_permissions_group_id_b120cbf9_fk_auth_group_id; Type: FK CONSTRAINT; Schema: public; Owner: zarly_user
--

ALTER TABLE ONLY public.auth_group_permissions
    ADD CONSTRAINT auth_group_permissions_group_id_b120cbf9_fk_auth_group_id FOREIGN KEY (group_id) REFERENCES public.auth_group(id) DEFERRABLE INITIALLY DEFERRED;


--
-- Name: auth_permission auth_permission_content_type_id_2f476e4b_fk_django_co; Type: FK CONSTRAINT; Schema: public; Owner: zarly_user
--

ALTER TABLE ONLY public.auth_permission
    ADD CONSTRAINT auth_permission_content_type_id_2f476e4b_fk_django_co FOREIGN KEY (content_type_id) REFERENCES public.django_content_type(id) DEFERRABLE INITIALLY DEFERRED;


--
-- Name: customers_user_groups customers_user_groups_group_id_f2d1006b_fk_auth_group_id; Type: FK CONSTRAINT; Schema: public; Owner: zarly_user
--

ALTER TABLE ONLY public.customers_user_groups
    ADD CONSTRAINT customers_user_groups_group_id_f2d1006b_fk_auth_group_id FOREIGN KEY (group_id) REFERENCES public.auth_group(id) DEFERRABLE INITIALLY DEFERRED;


--
-- Name: customers_user_groups customers_user_groups_user_id_5d6dd108_fk_customers_user_id; Type: FK CONSTRAINT; Schema: public; Owner: zarly_user
--

ALTER TABLE ONLY public.customers_user_groups
    ADD CONSTRAINT customers_user_groups_user_id_5d6dd108_fk_customers_user_id FOREIGN KEY (user_id) REFERENCES public.customers_user(id) DEFERRABLE INITIALLY DEFERRED;


--
-- Name: customers_user_user_permissions customers_user_user__permission_id_2da795e4_fk_auth_perm; Type: FK CONSTRAINT; Schema: public; Owner: zarly_user
--

ALTER TABLE ONLY public.customers_user_user_permissions
    ADD CONSTRAINT customers_user_user__permission_id_2da795e4_fk_auth_perm FOREIGN KEY (permission_id) REFERENCES public.auth_permission(id) DEFERRABLE INITIALLY DEFERRED;


--
-- Name: customers_user_user_permissions customers_user_user__user_id_f91e86da_fk_customers; Type: FK CONSTRAINT; Schema: public; Owner: zarly_user
--

ALTER TABLE ONLY public.customers_user_user_permissions
    ADD CONSTRAINT customers_user_user__user_id_f91e86da_fk_customers FOREIGN KEY (user_id) REFERENCES public.customers_user(id) DEFERRABLE INITIALLY DEFERRED;


--
-- Name: django_admin_log django_admin_log_content_type_id_c4bce8eb_fk_django_co; Type: FK CONSTRAINT; Schema: public; Owner: zarly_user
--

ALTER TABLE ONLY public.django_admin_log
    ADD CONSTRAINT django_admin_log_content_type_id_c4bce8eb_fk_django_co FOREIGN KEY (content_type_id) REFERENCES public.django_content_type(id) DEFERRABLE INITIALLY DEFERRED;


--
-- Name: django_admin_log django_admin_log_user_id_c564eba6_fk_customers_user_id; Type: FK CONSTRAINT; Schema: public; Owner: zarly_user
--

ALTER TABLE ONLY public.django_admin_log
    ADD CONSTRAINT django_admin_log_user_id_c564eba6_fk_customers_user_id FOREIGN KEY (user_id) REFERENCES public.customers_user(id) DEFERRABLE INITIALLY DEFERRED;


--
-- PostgreSQL database dump complete
--

\unrestrict 0ulsF2FH02LTEr8FRri7yNeY44iznhTnhnfDCEJhhGBa2hVDRVBESmkdNdUSt6U

